type,isFraud,total_transactions,total_amount,avg_amount
CASH_IN,0,1399284,236367391912.46,168920.24200409636
CASH_OUT,0,2233384,388423792980.66,173917.1557513889
CASH_OUT,1,4116,5989202243.83,1455102.5859645286
DEBIT,0,41432,227199221.28,5483.6653137671365
PAYMENT,0,2151495,28093371138.37,13057.604660187451
TRANSFER,0,528812,479224774079.16,906229.0078121525
TRANSFER,1,4097,6067213184.01,1480891.6729338542
